Rank,Club,Country,Level,Elo,From,To
1,Man City,ENG,1,2061.38452148,2024-09-15,2024-09-18
2,Real Madrid,ESP,1,1993.12133789,2024-09-15,2024-09-17
3,Inter,ITA,1,1960.0324707,2024-09-16,2024-09-18
4,Arsenal,ENG,1,1955.52624512,2024-09-16,2024-09-19
5,Leverkusen,GER,1,1924.13647461,2024-09-15,2024-09-19
6,Bayern,GER,1,1912.66345215,2024-09-15,2024-09-17
7,Barcelona,ESP,1,1910.20129395,2024-09-16,2024-09-19
8,Liverpool,ENG,1,1903.07299805,2024-09-16,2024-09-17
9,Paris SG,FRA,1,1899.08361816,2024-09-16,2024-09-18
10,Dortmund,GER,1,1874.06311035,2024-09-14,2024-09-18
11,Atalanta,ITA,1,1870.21716309,2024-09-16,2024-09-19
12,RB Leipzig,GER,1,1854.50073242,2024-09-15,2024-09-19
13,Atletico,ESP,1,1843.07958984,2024-09-16,2024-09-19
14,Sporting,POR,1,1838.43493652,2024-09-14,2024-09-17
15,Juventus,ITA,1,1829.38549805,2024-09-15,2024-09-17
16,Milan,ITA,1,1821.7545166,2024-09-15,2024-09-17
17,Chelsea,ENG,1,1821.02319336,2024-09-15,2024-09-21
18,Newcastle,ENG,1,1814.83508301,2024-09-16,2024-09-21
19,Stuttgart,GER,1,1799.65710449,2024-09-16,2024-09-17
20,PSV,NED,1,1799.48242188,2024-09-16,2024-09-17
21,Roma,ITA,1,1791.71704102,2024-09-16,2024-09-22
22,Porto,POR,1,1790.24084473,2024-09-16,2024-09-21
23,Girona,ESP,1,1788.75061035,2024-09-16,2024-09-18
24,Tottenham,ENG,1,1785.37719727,2024-09-16,2024-09-21
25,Napoli,ITA,1,1782.39648438,2024-09-16,2024-09-21
26,Aston Villa,ENG,1,1782.01721191,2024-09-16,2024-09-17
27,Lazio,ITA,1,1778.38745117,2024-09-17,2024-09-22
28,Monaco,FRA,1,1776.67724609,2024-09-17,2024-09-19
29,Man United,ENG,1,1774.45739746,2024-09-17,2024-09-21
30,Bologna,ITA,1,1763.86474609,2024-09-15,2024-09-18
31,Benfica,POR,1,1761.25585938,2024-09-15,2024-09-19
32,Villarreal,ESP,1,1761.22607422,2024-09-15,2024-09-22
33,Bilbao,ESP,1,1757.57543945,2024-09-16,2024-09-19
34,Lille,FRA,1,1756.84716797,2024-09-16,2024-09-17
35,Marseille,FRA,1,1754.55053711,2024-09-16,2024-09-22
36,Torino,ITA,1,1749.26184082,2024-09-16,2024-09-20
37,Slavia Praha,CZE,1,1741.93383789,2024-09-16,2024-09-17
38,Fiorentina,ITA,1,1741.17541504,2024-09-16,2024-09-22
39,Feyenoord,NED,1,1740.76501465,2024-09-15,2024-09-19
40,Sociedad,ESP,1,1739.30444336,2024-09-15,2024-09-17
41,Brighton,ENG,1,1738.42260742,2024-09-15,2024-09-22
42,Crystal Palace,ENG,1,1736.98608398,2024-09-15,2024-09-21
43,West Ham,ENG,1,1730.70703125,2024-09-15,2024-09-21
44,Sparta Praha,CZE,1,1727.75512695,2024-09-01,2024-09-18
45,Brentford,ENG,1,1719.36523438,2024-09-15,2024-09-21
46,Lens,FRA,1,1714.89868164,2024-09-16,2024-09-21
47,Betis,ESP,1,1714.64855957,2024-09-14,2024-09-18
48,Fulham,ENG,1,1712.74865723,2024-09-15,2024-09-21
49,Brugge,BEL,1,1712.46569824,2024-09-15,2024-09-18
50,Frankfurt,GER,1,1711.2487793,2024-09-15,2024-09-21
51,Fenerbahce,TUR,1,1708.4128418,2024-09-16,2024-09-26
52,Galatasaray,TUR,1,1701.88317871,2024-09-15,2024-09-17
53,Lyon,FRA,1,1697.24963379,2024-09-16,2024-09-22
54,Bournemouth,ENG,1,1696.28405762,2024-09-16,2024-09-21
55,Rennes,FRA,1,1693.58959961,2024-09-16,2024-09-21
56,Freiburg,GER,1,1692.97277832,2024-09-15,2024-09-21
57,Genoa,ITA,1,1692.15869141,2024-09-16,2024-09-21
58,Nice,FRA,1,1687.32531738,2024-09-15,2024-09-20
59,Udinese,ITA,1,1687.29077148,2024-09-17,2024-09-22
60,Mainz,GER,1,1685.70812988,2024-09-17,2024-09-20
61,Werder,GER,1,1682.37768555,2024-09-17,2024-09-21
62,Brest,FRA,1,1680.9029541,2024-09-17,2024-09-19
63,Salzburg,AUT,1,1673.96435547,2024-09-16,2024-09-18
64,Hoffenheim,GER,1,1672.75305176,2024-09-15,2024-09-21
65,Heidenheim,GER,1,1669.9909668,2024-09-16,2024-09-21
66,Forest,ENG,1,1669.68200684,2024-09-16,2024-09-22
67,Everton,ENG,1,1668.77331543,2024-09-16,2024-09-21
68,Sevilla,ESP,1,1666.32275391,2024-09-16,2024-09-20
69,Zenit,RUS,1,1665.79846191,2024-09-16,2024-10-03
70,Olympiakos,GRE,1,1665.10327148,2024-09-16,2024-09-26
71,Celta,ESP,1,1664.91931152,2024-09-16,2024-09-22
72,Monza,ITA,1,1663.02148438,2024-09-16,2024-09-22
73,Wolves,ENG,1,1659.29846191,2024-09-17,2024-09-21
74,Verona,ITA,1,1656.8326416,2024-09-17,2024-09-20
75,Empoli,ITA,1,1655.79431152,2024-09-16,2024-09-20
76,Celtic,SCO,1,1655.55981445,2024-09-16,2024-09-18
77,Union Berlin,GER,1,1655.5369873,2024-09-16,2024-09-21
78,Gladbach,GER,1,1653.14624023,2024-09-17,2024-09-21
79,Alaves,ESP,1,1652.44567871,2024-09-17,2024-09-20
80,Wolfsburg,GER,1,1651.68676758,2024-09-17,2024-09-22
81,St Gillis,BEL,1,1645.73461914,2024-09-17,2024-09-20
82,Reims,FRA,1,1645.64868164,2024-09-17,2024-09-21
83,Anderlecht,BEL,1,1644.79504395,2024-09-17,2024-09-17
84,Osasuna,ESP,1,1643.95349121,2024-09-17,2024-09-21
85,Mallorca,ESP,1,1643.48522949,2024-09-16,2024-09-17
86,Valencia,ESP,1,1643.06896973,2024-09-16,2024-09-21
87,Braga,POR,1,1641.72668457,2024-09-16,2024-09-20
88,Toulouse,FRA,1,1641.48852539,2024-09-16,2024-09-22
89,Leicester,ENG,1,1639.78405762,2024-09-16,2024-09-21
90,Rayo Vallecano,ESP,1,1628.00012207,2024-09-17,2024-09-22
91,Getafe,ESP,1,1626.43005371,2024-09-17,2024-09-18
92,Augsburg,GER,1,1623.85180664,2024-09-17,2024-09-20
93,Burnley,ENG,2,1623.84301758,2024-09-17,2024-09-21
94,PAOK,GRE,1,1622.59667969,2024-09-17,2024-09-25
95,Duesseldorf,GER,2,1622.3326416,2024-09-17,2024-09-21
96,Gent,BEL,1,1621.84912109,2024-09-17,2024-09-22
97,FC Kobenhavn,DEN,1,1618.80664062,2024-09-17,2024-09-23
98,Lecce,ITA,1,1618.17028809,2024-09-17,2024-09-21
99,Viktoria Plzen,CZE,1,1616.49633789,2024-09-16,2024-09-17
100,Strasbourg,FRA,1,1613.68164062,2024-09-16,2024-09-21
None,Montpellier,FRA,1,1612.94299316,2024-09-16,2024-09-22
None,Guimaraes,POR,1,1611.32666016,2024-09-16,2024-09-21
None,Ajax,NED,1,1611.02697754,2024-09-16,2024-09-18
None,Espanyol,ESP,1,1610.81396484,2024-09-15,2024-09-21
None,Midtjylland,DEN,1,1610.49316406,2024-09-15,2024-09-22
None,Sturm Graz,AUT,1,1606.32446289,2024-09-01,2024-09-19
None,Bodoe Glimt,NOR,1,1605.63012695,2024-09-14,2024-09-25
None,Alkmaar,NED,1,1604.73193359,2024-09-15,2024-09-20
None,Leeds,ENG,2,1604.30541992,2024-09-15,2024-09-21
None,Twente,NED,1,1599.29870605,2024-09-15,2024-09-17
None,Koeln,GER,2,1595.12780762,2024-09-15,2024-09-21
None,M Tel Aviv,ISR,1,1592.37158203,2024-09-15,2024-09-26
None,AEK,GRE,1,1592.33886719,2024-09-17,2024-10-03
None,Cagliari,ITA,1,1591.56970215,2024-09-16,2024-09-20
None,FC Krasnodar,RUS,1,1589.66516113,2024-09-15,2024-10-03
None,Valladolid,ESP,1,1586.24291992,2024-09-16,2024-09-21
None,Rangers,SCO,1,1586.03320312,2024-09-16,2024-09-26
None,Antwerp,BEL,1,1585.17675781,2024-09-16,2024-09-21
None,Hamburg,GER,2,1581.51867676,2024-09-16,2024-09-21
None,Eibar,ESP,2,1581.4765625,2024-09-15,2024-09-22
None,Bochum,GER,1,1580.57043457,2024-09-15,2024-09-21
None,Genk,BEL,1,1578.86108398,2024-09-15,2024-09-17
None,Sassuolo,ITA,2,1578.04382324,2024-09-16,2024-10-03
None,Shakhtar,UKR,1,1577.45922852,2024-09-15,2024-09-18
None,Las Palmas,ESP,1,1577.40380859,2024-09-16,2024-09-21
None,Levante,ESP,2,1576.19909668,2024-09-15,2024-09-21
None,Southampton,ENG,1,1575.765625,2024-09-15,2024-09-21
None,Parma,ITA,1,1575.5994873,2024-09-17,2024-09-21
None,Karabakh Agdam,AZE,0,1575.08300781,2024-08-30,2024-09-26
None,St Pauli,GER,1,1574.41210938,2024-09-16,2024-09-22
None,Ipswich,ENG,1,1573.16564941,2024-09-15,2024-09-21
None,Panathinaikos,GRE,1,1570.515625,2024-09-16,2024-10-03
None,Dinamo Zagreb,CRO,1,1569.50292969,2024-09-14,2024-09-17
None,Crvena Zvezda,SRB,1,1568.70141602,2024-09-15,2024-09-19
None,Lok Moskva,RUS,1,1568.13574219,2024-09-15,2024-10-03
None,Nordsjaelland,DEN,1,1567.90991211,2024-09-17,2024-09-20
None,Cadiz,ESP,2,1567.79724121,2024-09-16,2024-09-22
None,Leganes,ESP,1,1567.33410645,2024-09-14,2024-09-19
None,Nantes,FRA,1,1564.79064941,2024-09-16,2024-09-22
None,Karlsruhe,GER,2,1564.78613281,2024-09-14,2024-09-22
None,Maccabi Haifa,ISR,1,1562.46484375,2024-09-15,2024-10-03
None,Frosinone,ITA,2,1560.60400391,2024-09-15,2024-10-03
None,Lorient,FRA,2,1559.63256836,2024-09-14,2024-09-21
None,West Brom,ENG,2,1557.09277344,2024-09-16,2024-09-21
None,Holstein,GER,1,1555.62963867,2024-09-15,2024-09-21
None,Venezia,ITA,1,1555.34753418,2024-09-15,2024-09-21
None,Dynamo Kyiv,UKR,1,1554.67529297,2024-09-15,2024-09-25
None,CSKA Moskva,RUS,1,1553.15441895,2024-09-15,2024-10-03
None,Le Havre,FRA,1,1553.14868164,2024-09-16,2024-09-22
None,Young Boys,SUI,1,1552.8840332,2024-09-01,2024-09-17
None,Brondby,DEN,1,1550.63244629,2024-09-16,2024-09-22
None,Spartak Moskva,RUS,1,1550.04553223,2024-09-01,2024-10-03
None,Oviedo,ESP,2,1547.36938477,2024-09-16,2024-09-21
None,Santander,ESP,2,1546.6060791,2024-09-15,2024-09-22
None,Cremonese,ITA,2,1545.89758301,2024-09-15,2024-10-03
None,Metz,FRA,2,1544.5760498,2024-09-15,2024-09-21
None,Como,ITA,1,1543.01867676,2024-09-15,2024-09-23
None,Sheffield United,ENG,2,1542.6184082,2024-09-14,2024-09-21
None,Auxerre,FRA,1,1541.5456543,2024-09-15,2024-09-22
None,Malmoe,SWE,1,1539.75048828,2024-09-16,2024-09-18
None,Dynamo Moskva,RUS,1,1538.9798584,2024-09-16,2024-10-03
None,Bueyueksehir,TUR,1,1537.68859863,2024-09-02,2024-09-18
None,Utrecht,NED,1,1533.5123291,2024-09-16,2024-09-21
None,Almeria,ESP,2,1533.46765137,2024-09-17,2024-09-22
None,Luton,ENG,2,1533.19250488,2024-09-15,2024-09-21
None,Molde,NOR,1,1532.20410156,2024-09-15,2024-09-18
None,Aarhus,DEN,1,1529.05297852,2024-09-16,2024-09-22
None,Middlesbrough,ENG,2,1528.55554199,2024-09-15,2024-09-21
None,Paderborn,GER,2,1523.63439941,2024-09-14,2024-09-20
None,Cercle Brugge,BEL,1,1522.84960938,2024-09-15,2024-09-22
None,Zaragoza,ESP,2,1521.95959473,2024-09-16,2024-09-21
None,Hertha,GER,2,1520.29675293,2024-09-16,2024-09-21
None,Besiktas,TUR,1,1520.10205078,2024-09-16,2024-09-22
None,Granada,ESP,2,1519.73449707,2024-09-16,2024-09-20
None,Hannover,GER,2,1518.43066406,2024-09-15,2024-09-20
None,Famalicao,POR,1,1517.80163574,2024-09-15,2024-09-21
None,Elfsborg,SWE,1,1517.18786621,2024-09-16,2024-09-19
None,Clermont,FRA,2,1516.05065918,2024-09-14,2024-09-20
None,Mechelen,BEL,1,1513.34936523,2024-09-16,2024-09-22
None,Huesca,ESP,2,1510.37060547,2024-09-15,2024-10-03
None,Salernitana,ITA,2,1508.6763916,2024-09-16,2024-10-03
None,Nijmegen,NED,1,1506.79174805,2024-09-15,2024-09-21
None,Razgrad,BUL,1,1505.45605469,2024-09-16,2024-09-18
None,Saint-Etienne,FRA,1,1504.13769531,2024-09-14,2024-09-20
None,Gijon,ESP,2,1502.97314453,2024-09-15,2024-09-22
None,Rapid Wien,AUT,1,1502.53210449,2024-09-15,2024-09-22
None,Norwich,ENG,2,1498.4140625,2024-09-15,2024-09-21
None,Moreirense,POR,1,1496.28881836,2024-09-15,2024-09-21
None,Sparta Rotterdam,NED,1,1495.61743164,2024-09-16,2024-09-21
None,Burgos,ESP,2,1495.48254395,2024-09-16,2024-09-21
None,Fuerth,GER,2,1493.52185059,2024-09-16,2024-09-21
None,Spezia,ITA,2,1492.9621582,2024-09-15,2024-10-03
None,Lech,POL,1,1492.84338379,2024-09-15,2024-10-03
None,Trabzonspor,TUR,1,1492.72509766,2024-09-16,2024-09-19
None,Paris FC,FRA,2,1492.20043945,2024-09-15,2024-09-20
None,Leuven,BEL,1,1491.32092285,2024-09-16,2024-09-22
None,Charleroi,BEL,1,1491.2512207,2024-09-16,2024-10-03
None,Legia,POL,1,1489.84741211,2024-09-16,2024-09-20
None,Arouca,POR,1,1488.60253906,2024-09-14,2024-09-22
None,Coventry,ENG,2,1485.38061523,2024-09-15,2024-09-21
None,Watford,ENG,2,1483.89733887,2024-09-15,2024-09-21
None,StGallen,SUI,1,1483.2623291,2024-09-02,2024-09-21
None,Rostov,RUS,1,1482.99987793,2024-09-15,2024-10-03
None,Schalke,GER,2,1482.60839844,2024-09-14,2024-09-20
None,Albacete,ESP,2,1482.08532715,2024-09-16,2024-09-21
None,Rio Ave,POR,1,1480.76245117,2024-09-15,2024-09-21
None,Swansea,ENG,2,1480.4864502,2024-09-15,2024-09-21
None,Blackburn,ENG,2,1480.48266602,2024-09-15,2024-09-22
None,Elche,ESP,2,1480.43029785,2024-09-16,2024-09-22
None,Sampdoria,ITA,2,1478.25805664,2024-09-16,2024-10-03
None,Mirandes,ESP,2,1478.03186035,2024-09-16,2024-09-22
None,Ferencvaros,HUN,1,1476.7076416,2024-09-02,2024-09-25
None,Servette,SUI,1,1476.48266602,2024-09-02,2024-09-21
None,Tenerife,ESP,2,1474.53881836,2024-09-15,2024-09-22
None,Sunderland,ENG,2,1474.08837891,2024-09-15,2024-09-21
None,Hull,ENG,2,1473.72766113,2024-09-14,2024-09-20
None,Pisa,ITA,2,1473.66064453,2024-09-16,2024-10-03
None,Zuerich,SUI,1,1472.33178711,2024-09-02,2024-09-21
None,Banik Ostrava,CZE,1,1471.83496094,2024-09-02,2024-09-21
None,Palermo,ITA,2,1471.32714844,2024-09-15,2024-10-03
None,Lugano,SUI,1,1470.77502441,2024-09-02,2024-09-18
None,Rakow,POL,1,1468.4654541,2024-09-16,2024-10-03
None,Angers,FRA,1,1467.24316406,2024-09-16,2024-09-22
None,Westerlo,BEL,1,1466.60510254,2024-09-15,2024-09-21
None,Catanzaro,ITA,2,1464.40209961,2024-09-15,2024-10-03
None,Brescia,ITA,2,1463.60913086,2024-09-15,2024-10-03
None,Magdeburg,GER,2,1463.16955566,2024-09-15,2024-09-22
None,Mlada Boleslav,CZE,1,1463.11853027,2024-09-02,2024-09-17
None,Suedtirol,ITA,2,1461.90478516,2024-09-16,2024-10-03
None,Gil Vicente,POR,1,1461.59692383,2024-09-15,2024-09-22
None,Omonia,CYP,0,1459.69116211,2024-08-30,2024-10-03
None,St Truiden,BEL,1,1459.2598877,2024-09-16,2024-09-21
None,Silkeborg,DEN,1,1458.99267578,2024-09-16,2024-09-22
None,Cosenza,ITA,2,1458.88903809,2024-09-16,2024-10-03
None,Hammarby,SWE,1,1458.73376465,2024-09-17,2024-09-22
None,Darmstadt,GER,2,1456.9744873,2024-09-15,2024-09-20
None,Djurgarden,SWE,1,1456.39892578,2024-09-16,2024-09-19
None,Viking,NOR,1,1455.5736084,2024-09-15,2024-10-03
None,Cartagena,ESP,2,1454.80639648,2024-09-16,2024-09-22
None,Brann,NOR,1,1454.77661133,2024-09-16,2024-09-18
None,Millwall,ENG,2,1454.77429199,2024-09-15,2024-09-21
None,Basel,SUI,1,1454.4810791,2024-09-01,2024-09-21
None,Hajduk,CRO,1,1452.6784668,2024-09-14,2024-10-03
None,QPR,ENG,2,1452.57531738,2024-09-15,2024-09-21
None,Standard,BEL,1,1451.76672363,2024-09-14,2024-09-20
None,Pogon,POL,1,1451.4263916,2024-09-15,2024-09-20
None,Bristol City,ENG,2,1451.4140625,2024-09-15,2024-09-21
None,Stoke,ENG,2,1450.04284668,2024-09-15,2024-09-20
None,Slovacko,CZE,1,1449.75854492,2024-09-01,2024-09-21
None,LASK,AUT,1,1449.5213623,2024-09-15,2024-09-21
None,Castellon,ESP,2,1449.26586914,2024-09-17,2024-09-22
None,Austria Wien,AUT,1,1448.62976074,2024-09-02,2024-09-22
None,Paphos,CYP,0,1448.09814453,2024-08-30,2024-10-03
None,Aris,GRE,1,1447.56201172,2024-09-16,2024-10-03
None,Slovan Bratislava,SLK,0,1445.83728027,2024-08-30,2024-09-18
None,Ferrol,ESP,2,1444.03503418,2024-09-16,2024-09-21
None,Eldense,ESP,2,1443.43884277,2024-09-15,2024-09-21
None,Go Ahead Eagles,NED,1,1442.84802246,2024-09-16,2024-09-21
None,Guingamp,FRA,2,1441.48144531,2024-09-14,2024-09-20
None,Malaga,ESP,2,1441.20080566,2024-09-15,2024-09-20
None,Bari,ITA,2,1439.31445312,2024-09-15,2024-10-03
None,Randers,DEN,1,1437.86499023,2024-09-17,2024-09-22
None,Casa Pia,POR,1,1437.57092285,2024-09-15,2024-09-22
None,Bastia,FRA,2,1437.27246094,2024-09-14,2024-09-20
None,Lautern,GER,2,1436.97387695,2024-09-15,2024-09-21
None,Juve Stabia,ITA,2,1434.68859863,2024-09-15,2024-10-03
None,CFR Cluj,ROM,1,1434.34692383,2024-09-16,2024-09-21
None,Larnaca,CYP,0,1433.34973145,2024-08-30,2024-10-03
None,Sivasspor,TUR,1,1432.76867676,2024-09-15,2024-09-21
None,Cittadella,ITA,2,1431.97290039,2024-09-15,2024-10-03
None,Viborg,DEN,1,1430.5949707,2024-09-16,2024-09-20
None,Modena,ITA,2,1428.0793457,2024-09-14,2024-10-03
None,Kryliya Sovetov,RUS,1,1427.79248047,2024-09-14,2024-10-03
None,Cesena,ITA,2,1427.34484863,2024-09-14,2024-10-03
None,Preston,ENG,2,1427.05651855,2024-09-15,2024-09-22
None,Hradec Kralove,CZE,1,1426.58630371,2024-09-01,2024-09-21
None,Sheffield Weds,ENG,2,1426.4420166,2024-09-15,2024-09-21
None,Steaua,ROM,1,1426.20019531,2024-09-16,2024-09-21
None,Wolfsberg,AUT,1,1424.80603027,2024-09-15,2024-09-22
None,Alanyaspor,TUR,1,1424.73059082,2024-09-16,2024-09-22
None,Piast Gliwice,POL,1,1424.42407227,2024-09-16,2024-10-03
None,Rijeka,CRO,1,1424.07751465,2024-09-15,2024-10-03
None,Santa Clara,POR,1,1423.60327148,2024-09-15,2024-09-21
None,Pau,FRA,2,1423.59069824,2024-09-14,2024-09-20
None,Olimpija Ljubljana,SVN,1,1422.25952148,2024-09-15,2024-10-03
None,Beer-Sheva,ISR,1,1421.9855957,2024-09-15,2024-10-03
None,Haecken,SWE,1,1421.46960449,2024-09-16,2024-09-19
None,Mantova,ITA,2,1421.45922852,2024-09-15,2024-10-03
None,Konyaspor,TUR,1,1421.17810059,2024-09-15,2024-09-21
None,Kasimpasa,TUR,1,1420.96838379,2024-09-16,2024-09-22
None,Elversberg,GER,2,1420.89599609,2024-09-16,2024-09-22
None,Jablonec,CZE,1,1418.29003906,2024-09-01,2024-09-21
None,Caen,FRA,2,1417.94274902,2024-09-17,2024-09-20
None,Cordoba,ESP,2,1416.8605957,2024-09-14,2024-10-03
None,Jagiellonia,POL,1,1416.81652832,2024-09-15,2024-09-21
None,Amiens,FRA,2,1416.64245605,2024-09-14,2024-09-20
None,Terek Grozny,RUS,1,1416.38000488,2024-09-16,2024-10-03
None,Annecy,FRA,2,1415.01025391,2024-09-14,2024-09-20
None,Reggiana,ITA,2,1414.97668457,2024-09-16,2024-10-03
None,Rosenborg,NOR,1,1414.16467285,2024-09-16,2024-10-03
None,Rodez,FRA,2,1413.49523926,2024-09-14,2024-09-20
None,Sigma Olomouc,CZE,1,1412.94189453,2024-09-02,2024-09-17
None,Heerenveen,NED,1,1412.90332031,2024-09-15,2024-09-17
None,Orenburg,RUS,1,1412.66784668,2024-09-15,2024-10-03
None,Nuernberg,GER,2,1412.57641602,2024-09-15,2024-09-21
None,Depor,ESP,2,1412.06774902,2024-09-14,2024-09-21
None,Luzern,SUI,1,1411.33422852,2024-09-02,2024-09-21
None,Boavista,POR,1,1411.04394531,2024-09-17,2024-10-03
None,Slask,POL,1,1410.88977051,2024-09-02,2024-10-03
None,APOEL,CYP,0,1410.59008789,2024-08-30,2024-10-03
None,Slovan Liberec,CZE,1,1410.32983398,2024-09-02,2024-10-03
None,Oxford,ENG,2,1407.32409668,2024-09-15,2024-09-21
None,Derby,ENG,2,1405.18664551,2024-09-15,2024-09-21
None,Cracovia,POL,1,1405.13964844,2024-09-15,2024-09-21
None,Carrarese,ITA,2,1404.88464355,2024-09-16,2024-10-03
None,Plymouth,ENG,2,1404.27624512,2024-09-15,2024-09-21
None,Rubin Kazan,RUS,1,1403.11157227,2024-09-14,2024-10-03
None,Estoril,POR,1,1402.07849121,2024-09-16,2024-09-21
None,Sochi,RUS,1,1399.95446777,2024-05-26,2024-10-03
None,Puskas Akademia,HUN,1,1398.51757812,2024-09-02,2024-10-03
None,Farense,POR,1,1397.12475586,2024-09-16,2024-09-22
None,Hartberg,AUT,1,1397.08276367,2024-09-01,2024-09-21
None,Mjaellby,SWE,1,1396.47814941,2024-09-16,2024-09-21
None,Grenoble,FRA,2,1396.12878418,2024-09-17,2024-09-20
None,Zwolle,NED,1,1395.77832031,2024-09-15,2024-09-20
None,Levski,BUL,1,1395.2689209,2024-09-16,2024-10-03
None,Craiova,ROM,1,1395.25476074,2024-09-16,2024-09-22
None,Klagenfurt,AUT,1,1394.90063477,2024-09-01,2024-09-21
None,Antalyaspor,TUR,1,1394.86804199,2024-09-17,2024-09-22
None,AIK,SWE,1,1394.67834473,2024-09-16,2024-09-21
None,Sittard,NED,1,1394.15344238,2024-09-15,2024-09-18
None,Tromso,NOR,1,1393.51708984,2024-09-16,2024-10-03
None,Sverdlovsk,RUS,1,1391.29382324,2024-05-26,2024-10-03
None,IK Sirius,SWE,1,1390.31311035,2024-09-16,2024-10-03
None,Nacional,POR,1,1388.70007324,2024-09-16,2024-09-20
None,Adana Demirspor,TUR,1,1388.39355469,2024-09-17,2024-09-22
None,Troyes,FRA,2,1388.38220215,2024-09-14,2024-09-20
None,Ajaccio,FRA,2,1388.0045166,2024-09-14,2024-09-20
None,AVS Futebol,POR,1,1387.93994141,2024-09-15,2024-09-22
None,Trnava,SLK,0,1387.64477539,2024-08-30,2024-10-03
None,Gornik,POL,1,1384.74060059,2024-09-14,2024-10-03
None,Estrela Amadora,POR,1,1384.44372559,2024-09-17,2024-09-21
None,Maribor,SVN,1,1384.27856445,2024-09-16,2024-09-18
None,Ruzomberok,SLK,0,1381.64648438,2024-08-30,2024-10-03
None,Dender,BEL,1,1379.92321777,2024-09-14,2024-10-03
None,Portsmouth,ENG,2,1378.01342773,2024-09-16,2024-09-21
None,Fakel Voronezh,RUS,1,1377.58691406,2024-09-15,2024-10-03
None,Cardiff,ENG,2,1377.47839355,2024-09-15,2024-09-21
None,Sheriff Tiraspol,MOL,0,1377.32055664,2024-08-30,2024-10-03
None,Muenster,GER,2,1377.03601074,2024-09-14,2024-09-22
None,Braunschweig,GER,2,1376.59570312,2024-09-15,2024-09-21
None,Bohemians Praha,CZE,1,1375.40917969,2024-09-01,2024-10-03
None,Hearts,SCO,1,1374.88208008,2024-09-15,2024-09-21
None,Aberdeen,SCO,1,1373.80554199,2024-09-15,2024-10-03
None,Baltika,RUS,1,1373.00744629,2024-05-26,2024-10-03
None,Ulm,GER,2,1371.88513184,2024-09-15,2024-09-22
None,Regensburg,GER,2,1370.0847168,2024-09-16,2024-09-22
None,Cherno More,BUL,1,1368.4017334,2024-09-16,2024-10-03
None,FK Astana,KAZ,0,1368.34375,2024-08-30,2024-10-03
None,Laval,FRA,2,1368.07958984,2024-09-14,2024-09-20
None,Red Star,FRA,2,1366.3449707,2024-09-14,2024-09-20
None,Osijek,CRO,1,1365.23254395,2024-09-16,2024-10-03
None,Universitatea Cluj,ROM,1,1365.01831055,2024-09-17,2024-09-22
None,Pardubice,CZE,1,1364.70605469,2024-09-02,2024-10-03
None,Hapoel Haifa,ISR,1,1364.68103027,2024-09-15,2024-10-03
None,Eyupspor,TUR,1,1363.2388916,2024-09-16,2024-09-22
None,Samsunspor,TUR,1,1362.25817871,2024-09-15,2024-09-18
None,Dunkerque,FRA,2,1362.25732422,2024-09-14,2024-09-20
None,Widzew,POL,1,1360.49121094,2024-09-14,2024-10-03
None,Kayseri,TUR,1,1359.90844727,2024-09-16,2024-09-19
None,Groningen,NED,1,1359.87243652,2024-09-15,2024-09-22
None,Kortrijk,BEL,1,1359.45898438,2024-09-15,2024-09-22
None,Rukh Lviv,UKR,1,1359.44519043,2024-09-16,2024-10-03
None,Rizespor,TUR,1,1357.22290039,2024-09-15,2024-10-03
None,Almere,NED,1,1355.3001709,2024-09-16,2024-09-22
None,Goeztepe,TUR,1,1354.88317871,2024-09-01,2024-10-03
None,Sarpsborg,NOR,1,1354.49475098,2024-09-16,2024-10-03
None,Lubin,POL,1,1353.89221191,2024-09-16,2024-10-03
None,Willem II,NED,1,1353.7520752,2024-09-16,2024-09-21
None,Martigues,FRA,2,1353.3795166,2024-09-14,2024-09-20
None,Lyngby,DEN,1,1351.79040527,2024-09-14,2024-09-22
None,BW Linz,AUT,1,1351.12011719,2024-09-15,2024-09-21
None,Gaziantep FK,TUR,1,1350.03320312,2024-09-15,2024-09-17
None,Lausanne,SUI,1,1348.57739258,2024-09-01,2024-09-18
None,Fredrikstad,NOR,1,1346.3795166,2024-09-15,2024-10-03
None,Polissya Zhytomyr,UKR,1,1345.34533691,2024-09-16,2024-10-03
None,Celje,SVN,1,1344.96679688,2024-09-16,2024-09-18
None,Waalwijk,NED,1,1344.94909668,2024-09-16,2024-09-21
None,Altach,AUT,1,1343.85046387,2024-09-16,2024-09-21
None,Teplice,CZE,1,1343.57556152,2024-09-02,2024-09-21
None,Stromsgodset,NOR,1,1342.81323242,2024-09-16,2024-10-03
None,Aalborg,DEN,1,1342.52087402,2024-09-14,2024-09-23
None,Korona,POL,1,1341.86535645,2024-09-16,2024-09-20
None,Zorya,UKR,1,1341.67932129,2024-09-15,2024-10-03
None,Sion,SUI,1,1341.11657715,2024-09-01,2024-09-22
None,Heracles,NED,1,1340.16088867,2024-09-16,2024-09-21
None,Paksi,HUN,1,1339.1472168,2024-09-02,2024-10-03
None,Puszcza Niepolomice,POL,1,1338.0880127,2024-09-16,2024-09-21
None,Grasshoppers,SUI,1,1336.86376953,2024-09-01,2024-09-21
None,Winterthur,SUI,1,1336.31970215,2024-09-02,2024-09-22
None,Bnei Sakhinin,ISR,1,1336.02758789,2024-09-15,2024-10-03
None,Yverdon Sport,SUI,1,1335.20739746,2024-09-01,2024-09-22
None,SonderjyskE,DEN,1,1334.80175781,2024-09-16,2024-09-22
None,Zira,AZE,0,1334.62109375,2024-08-30,2024-10-03
None,Rapid Bucuresti,ROM,1,1334.55895996,2024-09-17,2024-09-23
None,Ham-Kam,NOR,1,1334.38525391,2024-09-14,2024-10-03
None,KFUM Oslo,NOR,1,1333.83813477,2024-09-15,2024-09-18
None,Olexandriya,UKR,1,1331.77612305,2024-09-14,2024-10-03
None,Partizan,SRB,1,1330.62060547,2024-09-16,2024-10-03
None,Lok Zagreb,CRO,1,1330.06347656,2024-09-15,2024-10-03
None,Sepsi,ROM,1,1328.48791504,2024-09-14,2024-09-22
None,Dunajska,SLK,0,1326.92504883,2024-08-30,2024-10-03
None,Goeteborg,SWE,1,1326.77856445,2024-09-16,2024-09-23
None,Viitorul,ROM,1,1326.72253418,2024-09-15,2024-09-22
None,Lillestrom,NOR,1,1325.67602539,2024-09-16,2024-10-03
None,Nizhny Novgorod,RUS,1,1324.92443848,2024-09-15,2024-10-03
None,Bodrum,TUR,1,1324.32531738,2024-09-01,2024-10-03
None,OFI,GRE,1,1323.99047852,2024-09-16,2024-10-03
None,Sabah,AZE,0,1323.80029297,2024-08-30,2024-10-03
None,Vejle,DEN,1,1322.39770508,2024-09-16,2024-09-22
None,Haugesund,NOR,1,1321.57641602,2024-09-16,2024-10-03
None,Sandefjord,NOR,1,1321.49316406,2024-09-16,2024-10-03
None,Beerschot AC,BEL,1,1321.38110352,2024-09-16,2024-09-21
None,CSKA Sofia,BUL,1,1321.20654297,2024-09-17,2024-10-03
None,Breda,NED,1,1321.19799805,2024-09-15,2024-09-22
None,Kilmarnock,SCO,1,1320.07568359,2024-09-15,2024-10-03
None,Kristiansund,NOR,1,1319.68933105,2024-09-16,2024-09-18
None,Kryvbas,UKR,1,1319.43920898,2024-09-16,2024-10-03
None,Stal Mielec,POL,1,1319.22485352,2024-08-31,2024-10-03
None,Videoton,HUN,1,1316.3782959,2024-08-31,2024-10-03
None,Odd Grenland,NOR,1,1315.98425293,2024-09-16,2024-10-03
None,Norrkoeping,SWE,1,1313.35437012,2024-09-17,2024-09-19
None,Hatayspor,TUR,1,1311.78808594,2024-09-16,2024-10-03
None,Sumqayit,AZE,0,1311.06750488,2024-08-30,2024-10-03
None,Hibernian,SCO,1,1310.40734863,2024-09-15,2024-10-03
None,FC Khimki,RUS,1,1309.97375488,2024-09-01,2024-10-03
None,Karvina,CZE,1,1309.88305664,2024-09-02,2024-09-21
None,Hermannstadt,ROM,1,1309.39428711,2024-09-17,2024-09-21
None,Motherwell,SCO,1,1308.36975098,2024-09-15,2024-10-03
None,Thun,SUI,1,1308.09362793,2024-08-30,2024-10-03
None,St Mirren,SCO,1,1306.63098145,2024-09-15,2024-09-21
None,Kalmar,SWE,1,1304.17810059,2024-09-16,2024-09-21
None,Varnamo,SWE,1,1303.13256836,2024-09-16,2024-09-22
None,Maccabi Bnei Raina,ISR,1,1301.94958496,2024-09-15,2024-10-03
None,Tula,RUS,1,1300.44445801,2024-06-02,2024-10-03
None,Radomiak,POL,1,1299.5,2024-09-15,2024-09-20
None,GAK,AUT,1,1298.89172363,2024-09-16,2024-09-21
None,Debrecen,HUN,1,1298.64648438,2024-09-01,2024-10-03
None,Motor Lublin,POL,1,1298.43310547,2024-09-14,2024-10-03
None,Ashdod,ISR,1,1298.03820801,2024-09-15,2024-10-03
None,Vaduz,LIE,0,1297.90844727,2024-08-30,2024-10-03
None,Otelul Galati,ROM,1,1297.72277832,2024-09-15,2024-09-20
None,Atromitos,GRE,1,1296.90197754,2024-09-15,2024-10-03
None,Katowice,POL,1,1296.84997559,2024-09-14,2024-10-03
None,Pyunik,ARM,0,1296.70007324,2024-08-30,2024-10-03
None,Beitar,ISR,1,1296.25073242,2024-09-16,2024-10-03
None,Brommapojkarna,SWE,1,1295.13781738,2024-09-16,2024-09-21
None,Hapoel Jerusalem,ISR,1,1291.97937012,2024-09-15,2024-10-03
None,Varazdin,CRO,1,1291.89526367,2024-09-16,2024-09-20
None,Panetolikos,GRE,1,1288.53820801,2024-09-16,2024-10-03
None,Dukla,CZE,1,1288.16369629,2024-09-02,2024-10-03
None,Wattens,AUT,1,1287.62451172,2024-09-01,2024-09-22
None,Zrinjski Mostar,BHZ,0,1287.01538086,2024-08-30,2024-10-03
None,NFC Volos,GRE,1,1285.1159668,2024-09-17,2024-10-03
None,Lamia,GRE,1,1283.86633301,2024-09-15,2024-10-03
None,Wisla,POL,0,1283.41772461,2024-08-30,2024-10-03
None,LNZ,UKR,1,1282.9630127,2024-09-17,2024-10-03
None,Backa Topola,SRB,1,1282.49902344,2024-09-16,2024-10-03
None,Lechia,POL,1,1281.17651367,2024-09-15,2024-09-21
None,Istra 1961,CRO,1,1280.93518066,2024-09-15,2024-09-20
None,Vorskla,UKR,1,1279.86682129,2024-09-16,2024-10-03
None,Kuopio,FIN,0,1278.54418945,2024-08-30,2024-10-03
None,UTA Arad,ROM,1,1278.45275879,2024-09-17,2024-09-23
None,CSKA 1948 Sofia,BUL,1,1277.7598877,2024-09-16,2024-09-19
None,FK Riga,LAT,0,1277.51306152,2024-08-30,2024-10-03
None,Asteras Tripolis,GRE,1,1276.26257324,2024-09-15,2024-10-03
None,GAIS,SWE,1,1275.91748047,2024-09-15,2024-09-18
None,Netanya,ISR,1,1274.83312988,2024-09-16,2024-10-03
None,Kecskemeti,HUN,1,1273.28308105,2024-09-02,2024-10-03
None,Noah,ARM,0,1273.07470703,2024-08-30,2024-10-03
None,Zalaegerszegi,HUN,1,1272.60864258,2024-09-01,2024-10-03
None,Ceske Budejovice,CZE,1,1270.23937988,2024-09-01,2024-10-03
None,Dundee,SCO,1,1263.18798828,2024-09-15,2024-10-03
None,Kalithea,GRE,1,1262.57836914,2024-09-15,2024-10-03
None,Diosgyori,HUN,1,1260.16943359,2024-09-01,2024-10-03
None,Cukaricki,SRB,1,1259.17785645,2024-09-16,2024-10-03
None,Lok Plovdiv,BUL,1,1255.67602539,2024-09-14,2024-09-19
None,Novi Sad,SRB,1,1254.23217773,2024-09-15,2024-10-03
None,Ujpest,HUN,1,1253.32824707,2024-09-02,2024-10-03
None,Petrolul Ploiesti,ROM,1,1252.84448242,2024-09-15,2024-09-21
None,Bravo,SVN,1,1252.390625,2024-09-16,2024-10-03
None,MTK,HUN,1,1251.83312988,2024-08-31,2024-10-03
None,HNK Gorica,CRO,1,1251.75866699,2024-09-15,2024-10-03
None,Koper,SVN,1,1251.7154541,2024-09-16,2024-10-03
None,Dinamo Bucuresti,ROM,1,1250.33740234,2024-09-14,2024-09-20
None,Levadeiakos,GRE,1,1249.81591797,2024-09-16,2024-10-03
None,Panserraikos,GRE,1,1249.8067627,2024-09-16,2024-10-03
None,M Petach Tikva,ISR,1,1247.00134277,2024-09-17,2024-10-03
None,Halmstad,SWE,1,1245.73522949,2024-09-16,2024-09-23
None,RFS,LAT,0,1243.41064453,2024-08-30,2024-09-26
None,HJK Helsinki,FIN,0,1242.71984863,2024-08-30,2024-10-03
None,Aktobe,KAZ,0,1242.65649414,2024-08-30,2024-10-03
None,Dinamo Minsk,BLR,0,1241.52148438,2024-08-30,2024-10-03
None,Voluntari,ROM,1,1241.15466309,2024-08-30,2024-10-03
None,Arda,BUL,1,1240.86425781,2024-09-16,2024-10-03
None,St Patricks,IRL,0,1240.28759766,2024-08-30,2024-10-03
None,Hapoel Eran Hadera,ISR,1,1240.23901367,2024-09-17,2024-10-03
None,Kiryat Shmona,ISR,1,1239.97900391,2024-09-15,2024-10-03
None,Mura,SVN,1,1235.97143555,2024-09-15,2024-10-03
None,Botev Plovdiv,BUL,1,1234.73657227,2024-09-15,2024-10-03
None,Ironi Tiberias,ISR,1,1233.93640137,2024-09-15,2024-10-03
None,Tobol,KAZ,0,1233.5579834,2024-08-30,2024-10-03
None,Ararat,ARM,0,1232.82678223,2024-08-30,2024-10-03
None,Dundee United,SCO,1,1230.52368164,2024-09-16,2024-10-03
None,Shamrock,IRL,0,1228.984375,2024-08-30,2024-10-03
None,Iasi,ROM,1,1224.20617676,2024-09-16,2024-09-23
None,Kolos,UKR,1,1223.83776855,2024-09-17,2024-10-03
None,Drita,KOS,0,1221.44030762,2024-08-30,2024-10-03
None,Chernomorets,UKR,1,1219.51013184,2024-09-15,2024-10-03
None,FK Sarajevo,BHZ,0,1219.3026123,2024-08-30,2024-10-03
None,Ross County,SCO,1,1216.62304688,2024-09-15,2024-09-21
None,Vikingur,ISL,0,1215.60021973,2024-08-30,2024-10-03
None,Craiova 1948,ROM,1,1215.38842773,2024-08-30,2024-10-03
None,Botosani,ROM,1,1215.00671387,2024-09-14,2024-09-20
None,St Johnstone,SCO,1,1214.99438477,2024-09-15,2024-09-21
None,Shelbourne,IRL,0,1213.98864746,2024-08-30,2024-10-03
None,Vaesteras,SWE,1,1211.43395996,2024-09-15,2024-09-22
None,Ilves Tampere,FIN,0,1209.87768555,2024-08-30,2024-10-03
None,Banants,ARM,0,1209.2010498,2024-08-30,2024-10-03
None,Ordabasy,KAZ,0,1208.31958008,2024-08-30,2024-10-03
None,Zalgiris Vilnius,LIT,0,1206.50427246,2024-08-30,2024-10-03
None,Veres,UKR,1,1205.97692871,2024-09-16,2024-10-03
None,Obolon Kyiv,UKR,1,1204.06591797,2024-09-14,2024-10-03
None,Derry City,IRL,0,1201.98181152,2024-08-30,2024-10-03
None,Borac Banja Luka,BHZ,0,1200.3013916,2024-08-30,2024-10-03
None,Slaven Belupo,CRO,1,1199.11535645,2024-09-16,2024-10-03
None,Petrocub,MOL,0,1198.23059082,2024-08-30,2024-10-03
None,Nyiregyhaza,HUN,1,1198.17663574,2024-09-02,2024-10-03
None,Auda,LAT,0,1196.49633789,2024-08-30,2024-10-03
None,Sibenik,CRO,1,1194.45703125,2024-09-16,2024-10-03
None,Livyi Bereh,UKR,1,1193.74389648,2024-09-16,2024-10-03
None,Karpaty,UKR,1,1192.07226562,2024-09-15,2024-10-03
None,Vaasa,FIN,0,1190.4083252,2024-08-30,2024-10-03
None,Slavia Sofia,BUL,1,1189.47167969,2024-09-15,2024-09-18
None,Kragujevac,SRB,1,1189.42504883,2024-09-15,2024-09-18
None,Ballkani,KOS,0,1185.39013672,2024-08-30,2024-10-03
None,Breidablik,ISL,0,1185.19641113,2024-08-30,2024-10-03
None,Unirea Slobozia,ROM,1,1185.09411621,2024-09-14,2024-09-23
None,Velez Mostar,BHZ,0,1184.85339355,2024-08-30,2024-10-03
None,Gyoer,HUN,1,1182.88208008,2024-09-01,2024-10-03
None,Shkendija,MAC,0,1182.44299316,2024-08-16,2024-10-03
None,Levski Krumovgrad,BUL,1,1181.33972168,2024-09-16,2024-10-03
None,Saburtalo,GEO,0,1180.82006836,2024-08-16,2024-10-03
None,Corvinul Hunedoara,ROM,0,1180.09436035,2024-08-30,2024-10-03
None,Valur,ISL,0,1179.69848633,2024-08-30,2024-10-03
None,Liepajas,LAT,0,1173.6607666,2024-08-30,2024-10-03
None,Inhulets,UKR,1,1172.52807617,2024-09-15,2024-10-03
None,Radomlje,SVN,1,1170.58007812,2024-09-15,2024-10-03
None,Milsami Orhei,MOL,0,1170.2635498,2024-08-30,2024-10-03
None,Torpedo Kutaisi,GEO,0,1166.88305664,2024-08-16,2024-10-03
None,Domzale,SVN,1,1162.60009766,2024-09-16,2024-10-03
None,Mladost Lucani,SRB,1,1162.16149902,2024-09-15,2024-10-03
None,Klaksvik,FAR,0,1160.50170898,2024-08-30,2024-10-03
None,Partizani Tirana,ALB,0,1157.3190918,2024-08-02,2024-10-03
None,Zimbru,MOL,0,1156.41064453,2024-08-30,2024-10-03
None,Gloria Buzau,ROM,1,1155.3963623,2024-09-15,2024-09-20
None,Mioveni,ROM,1,1153.60180664,2024-08-30,2024-10-03
None,Stjarnan,ISL,0,1149.12792969,2024-08-30,2024-10-03
None,Batumi,GEO,0,1147.73242188,2024-08-16,2024-10-03
None,Flora Tallinn,EST,0,1142.53259277,2024-08-16,2024-10-03
None,Spartak Varna,BUL,1,1140.5222168,2024-09-14,2024-10-03
None,Egnatia,ALB,0,1135.96179199,2024-08-02,2024-10-03
None,Primorje,SVN,1,1131.73583984,2024-09-15,2024-10-03
None,Panevezys,LIT,0,1127.95983887,2024-08-30,2024-10-03
None,Neman Grodno,BLR,0,1126.6940918,2024-08-30,2024-10-03
None,The New Saints,WAL,0,1125.82165527,2024-08-30,2024-10-03
None,Lok Sofia,BUL,1,1124.88305664,2024-09-17,2024-10-03
None,TransINVEST,LIT,0,1124.68078613,2024-08-30,2024-10-03
None,Novi Pazar,SRB,1,1120.23620605,2024-09-16,2024-10-03
None,Beroe Stara Zagora,BUL,1,1119.03295898,2024-09-15,2024-10-03
None,Isloch,BLR,0,1118.73779297,2024-08-30,2024-10-03
None,Vllaznia,ALB,0,1118.453125,2024-08-02,2024-10-03
None,Zlatibor,SRB,1,1116.01928711,2024-09-14,2024-10-03
None,Tirana,ALB,0,1115.26647949,2024-08-02,2024-10-03
None,Dinamo Tbilisi,GEO,0,1111.65979004,2024-08-16,2024-10-03
None,Mornar,MNT,0,1108.85876465,2024-08-14,2024-10-03
None,Siauliai,LIT,0,1105.89465332,2024-08-30,2024-10-03
None,Decic,MAC,0,1104.81652832,2024-08-16,2024-10-03
None,Nafta,SVN,1,1102.92224121,2024-09-16,2024-10-03
None,Nis,SRB,1,1102.80737305,2024-09-17,2024-10-03
None,Linfield,NIR,0,1101.86877441,2024-08-30,2024-10-03
None,Zeleznicar Pancevo,SRB,1,1100.05541992,2024-09-15,2024-10-03
None,Hamrun,MLT,0,1098.69104004,2024-08-02,2024-10-03
None,Struga,MAC,0,1091.16296387,2024-08-16,2024-10-03
None,Tikves,MAC,0,1090.02709961,2024-08-16,2024-10-03
None,Torpedo Zhodino,BLR,0,1086.06188965,2024-08-30,2024-10-03
None,Niedercorn,LUX,0,1085.1081543,2024-08-02,2024-10-03
None,Vozdovac Beograd,SRB,1,1084.83410645,2024-08-30,2024-10-03
None,IMT,SRB,1,1084.56713867,2024-09-14,2024-09-18
None,OFK,SRB,1,1084.09594727,2024-09-16,2024-10-03
None,Hebar,BUL,1,1082.56921387,2024-09-14,2024-09-20
None,Botev Vratsa,BUL,1,1081.8059082,2024-09-14,2024-10-03
None,Dudelange,LUX,0,1081.29333496,2024-08-02,2024-10-03
None,Llapi,KOS,0,1076.71936035,2024-08-30,2024-10-03
None,Krusevac,SRB,1,1075.29492188,2024-09-15,2024-10-03
None,Paide Linnameeskond,EST,0,1074.55932617,2024-08-16,2024-10-03
None,Crusaders,NIR,0,1073.66223145,2024-08-30,2024-10-03
None,B 36 Torshavn,FAR,0,1067.51220703,2024-08-30,2024-10-03
None,Una Strassen,LUX,0,1066.47937012,2024-08-02,2024-10-03
None,Differdang,LUX,0,1065.93029785,2024-08-02,2024-10-03
None,Malisheva,KOS,0,1062.00109863,2024-08-30,2024-10-03
None,Gota,FAR,0,1061.46972656,2024-08-30,2024-10-03
None,Ivanjica,SRB,1,1055.62402344,2024-08-30,2024-10-03
None,Floriana,MLT,0,1053.78515625,2024-08-02,2024-10-03
None,HB Torshavn,FAR,0,1052.27929688,2024-08-30,2024-10-03
None,Larne,NIR,0,1051.57678223,2024-08-30,2024-10-03
None,Septemvri Sofia,BUL,1,1050.7244873,2024-09-15,2024-09-20
None,Cliftonville,NIR,0,1049.29406738,2024-08-30,2024-10-03
None,Marsaxlokk,MLT,0,1047.99804688,2024-08-02,2024-10-03
None,FC Infonet,EST,0,1047.44018555,2024-08-16,2024-10-03
None,Tekstilac Odzaci,SRB,1,1046.34008789,2024-09-16,2024-10-03
None,Kalev,EST,0,1044.21179199,2024-08-16,2024-10-03
None,Sliema Wanderers,MLT,0,1039.86315918,2024-08-02,2024-10-03
None,Podgorica,MNT,0,1026.43237305,2024-08-14,2024-10-03
None,Indija,SRB,1,1022.43994141,2024-08-30,2024-10-03
None,Caernarfon Town,WAL,0,1006.23669434,2024-08-30,2024-10-03
None,Bala,WAL,0,995.398925781,2024-08-30,2024-10-03
None,Connahs Quay,WAL,0,994.74621582,2024-08-30,2024-10-03
None,Radnik Surdulica,SRB,1,992.010986328,2024-08-30,2024-10-03
None,Jedinstvo Ub,SRB,1,991.098571777,2024-09-17,2024-10-03
None,Escaldes,AND,0,965.379699707,2024-08-30,2024-10-03
None,Lincoln,GIB,0,963.103393555,2024-08-30,2024-10-03
None,St Josephs,GIB,0,907.801635742,2024-08-30,2024-10-03
None,Escale,AND,0,901.415161133,2024-08-30,2024-10-03
None,FCB Magpies,GIB,0,896.816345215,2024-08-30,2024-10-03
None,Atletic Club Escaldes,AND,0,880.255310059,2024-08-30,2024-10-03
None,SS Virtus,SMR,0,708.203552246,2024-08-02,2024-10-03
None,Tre Penne,SMR,0,695.522399902,2024-08-02,2024-10-03
None,La Fiorita,SMR,0,690.315490723,2024-08-02,2024-10-03